CGPA,10th_Percentage,12th_Percentage,Backlogs,Internships,Projects,Certifications,Coding_Score,Communication_Score,Aptitude_Score,Attendance,Placed
6.87,59.26,63.09,2,3,1,0,92,100,50,56.13,0
9.75,77.1,62.35,0,1,4,6,71,63,93,71.67,1
8.66,93.65,95.31,4,1,0,3,71,48,81,69.84,0
7.99,86.61,62.48,5,2,0,4,88,87,63,96.9,0
5.78,90.33,63.6,2,2,1,6,49,38,64,57.66,0
5.78,82.94,87.97,1,2,4,7,46,77,44,50.49,1
5.29,84.61,72.49,2,2,3,2,56,70,35,61.9,0
9.33,92.46,88.84,2,2,5,0,76,77,61,91.01,1
8.01,62.48,53.27,1,0,4,4,31,74,81,60.47,1
8.54,74.47,74.38,3,0,2,4,92,54,57,62.04,1
5.1,61.06,51.68,3,3,0,1,91,54,93,56.49,0
9.85,99.38,53.13,0,1,2,6,48,48,48,85.77,1
9.16,97.2,95.32,0,0,3,1,46,68,44,53.46,1
6.06,51.97,56.96,3,0,2,0,98,56,35,66.56,0
5.91,85.28,76.62,5,0,4,7,68,92,67,64.12,0
5.92,96.26,70.55,4,3,2,6,100,97,55,77.76,0
6.52,59.03,67.37,2,2,3,5,68,48,80,86.52,1
7.62,78.4,94.99,4,3,3,6,65,57,82,76.64,1
7.16,95.77,51.09,2,1,3,7,69,62,85,96.55,1
6.46,51.7,83.19,3,1,4,5,74,39,88,97.57,0
8.06,84.87,98.17,0,1,3,4,33,59,99,68.07,1
5.7,64.87,78.01,5,1,0,1,54,51,87,88.88,0
6.46,96.22,96.84,0,0,3,2,98,32,42,86.94,1
6.83,98.55,52.61,4,0,2,6,59,77,72,94.65,0
7.28,97.21,70.94,0,3,5,2,97,31,80,72.4,1
8.93,73.71,63.01,3,2,2,6,58,83,48,76.52,1
6.0,93.1,86.54,5,1,5,4,97,35,50,70.79,0
7.57,92.23,99.06,4,3,2,1,80,69,53,92.52,0
7.96,65.96,62.83,5,0,4,0,53,31,55,61.49,0
5.23,91.45,82.71,2,0,2,0,43,31,74,61.99,0
8.04,51.85,59.9,0,2,4,0,98,84,57,68.63,1
5.85,79.81,78.27,5,2,4,6,47,89,58,61.52,0
5.33,61.5,73.2,1,2,3,6,71,35,46,78.05,0
9.74,56.03,98.6,0,3,0,2,86,48,97,56.72,1
9.83,53.85,80.43,2,0,5,1,41,56,73,66.01,1
9.04,84.81,67.48,5,0,3,7,46,30,90,95.67,0
6.52,66.99,55.7,4,2,3,6,59,62,97,70.46,0
5.49,86.24,57.56,2,1,4,1,52,69,54,87.41,0
8.42,53.27,61.27,1,2,4,2,30,61,96,55.67,1
7.2,65.76,62.55,5,3,5,6,61,98,31,62.38,0
5.61,76.97,92.53,3,2,2,0,38,46,78,90.37,0
7.48,89.54,78.06,0,2,2,0,44,37,99,88.15,1
5.17,65.94,76.17,4,3,3,4,57,86,55,69.31,0
9.55,81.29,55.74,3,2,1,5,53,71,56,97.72,1
6.29,94.3,93.01,5,0,1,3,89,38,47,95.53,0
8.31,80.79,86.14,5,1,2,7,64,64,83,98.12,0
6.56,61.65,53.38,2,2,1,5,56,100,30,71.4,0
7.6,51.22,85.39,5,3,2,6,49,82,90,59.87,0
7.73,93.5,77.18,4,1,4,1,94,83,32,81.33,0
5.92,51.06,54.09,3,3,3,6,78,54,97,84.24,0
9.85,93.74,72.92,4,1,0,1,30,96,70,56.27,0
8.88,76.45,74.23,1,1,3,1,39,91,66,89.32,1
9.7,96.95,58.29,1,2,2,5,76,84,80,50.9,1
9.47,89.94,97.28,0,0,2,3,88,75,44,74.14,1
7.99,99.9,92.5,0,2,3,4,91,53,37,66.55,1
9.61,67.54,83.45,1,3,5,5,47,75,67,87.02,1
5.44,88.36,73.11,5,3,2,3,75,51,85,65.64,0
5.98,70.1,70.59,4,1,1,0,61,40,76,91.34,0
5.23,73.99,82.55,1,1,1,0,56,77,39,79.75,0
6.63,81.38,77.27,0,0,2,1,47,37,78,89.69,0
6.94,93.68,53.11,1,2,2,2,68,68,70,99.47,1
6.36,99.2,75.63,5,3,5,6,78,64,59,83.96,0
9.14,88.41,90.32,1,1,1,6,73,78,34,99.25,1
6.78,70.89,72.96,4,0,2,1,83,75,100,51.44,0
6.4,71.07,52.6,3,3,2,2,63,67,60,66.91,0
7.71,86.88,89.31,5,1,5,7,100,37,81,55.39,1
5.7,61.94,60.07,0,3,5,3,65,83,52,63.12,1
9.01,55.52,62.93,4,0,3,7,47,66,77,91.94,1
5.37,67.73,58.24,1,0,5,7,67,69,69,51.62,0
9.93,64.36,66.51,1,3,0,0,88,63,35,76.01,1
8.86,64.82,87.84,3,2,1,7,38,46,67,78.36,1
5.99,61.68,75.97,0,3,3,6,80,62,70,78.06,1
5.03,52.1,60.24,0,1,0,5,64,76,56,73.76,0
9.08,50.89,93.89,2,2,2,2,34,81,98,89.53,1
8.53,99.39,93.98,0,1,2,3,43,38,86,56.68,1
8.65,71.39,93.53,3,3,3,0,59,62,46,65.53,1
8.86,69.22,61.94,2,2,5,7,33,89,100,80.79,1
5.37,83.98,72.56,2,1,2,5,68,50,76,84.55,0
6.79,60.91,99.25,1,3,4,2,93,87,42,70.21,1
5.58,97.5,88.6,1,3,3,1,54,98,40,93.77,1
9.32,89.32,51.36,0,2,0,1,57,39,53,70.77,1
8.12,54.47,53.26,2,3,3,1,95,35,33,70.14,1
6.65,70.88,73.2,1,0,1,6,51,42,75,51.81,0
5.32,93.96,95.46,3,1,5,3,60,94,47,77.56,0
6.55,97.24,76.94,1,1,5,1,52,49,72,85.43,1
6.63,73.37,74.89,5,3,3,6,77,86,62,55.72,0
8.65,80.67,55.27,5,3,2,4,49,75,39,65.27,0
8.19,58.35,82.84,1,0,2,6,67,37,88,89.06,1
9.44,99.56,91.11,2,2,4,0,84,39,60,68.3,1
7.36,61.58,69.02,2,3,4,6,97,96,57,62.08,1
5.6,97.14,88.78,4,3,5,3,30,40,89,83.61,0
8.57,82.48,98.22,5,3,4,5,36,41,32,59.84,0
8.8,80.39,60.19,3,3,0,7,86,39,84,94.78,1
7.81,75.63,76.17,2,1,4,6,41,54,43,55.28,1
8.85,61.53,64.36,0,3,0,1,34,78,87,85.33,1
7.47,58.83,89.64,5,1,4,0,79,78,44,74.98,0
7.61,61.02,78.88,3,3,5,2,71,40,31,93.5,1
7.14,59.32,81.73,3,2,5,1,41,91,53,56.31,0
5.13,88.98,89.9,2,0,0,0,47,65,93,83.89,0
5.54,67.51,69.8,3,2,3,4,95,68,100,78.6,0
5.16,52.89,95.75,2,3,5,7,46,82,53,74.0,1
8.18,98.46,76.65,1,3,3,2,97,85,56,74.57,1
6.57,94.19,57.9,5,3,2,4,100,30,66,86.1,0
7.54,96.39,84.79,4,2,0,5,91,85,68,96.89,0
9.54,99.75,89.66,1,3,5,0,70,33,92,54.56,1
6.25,58.69,65.84,5,2,1,4,63,59,55,50.98,0
7.05,69.81,92.86,2,1,2,7,99,41,94,90.29,1
8.78,87.91,95.31,5,0,3,7,74,64,33,55.41,0
6.14,84.8,63.85,2,0,5,5,87,81,58,99.33,0
5.38,57.69,99.18,1,2,0,7,80,60,30,80.97,0
6.45,90.79,57.04,0,1,4,0,63,97,79,82.54,1
5.81,61.22,60.1,0,2,1,0,73,81,40,59.94,0
9.65,61.19,59.21,5,1,3,7,44,36,88,62.02,1
9.04,76.85,94.7,0,3,2,4,99,51,91,82.97,1
8.17,79.65,82.71,2,1,0,0,79,85,65,95.49,1
9.36,79.0,57.61,3,1,1,1,61,87,85,99.12,1
9.02,54.57,72.02,2,1,0,7,96,93,50,59.9,1
5.93,93.87,80.76,3,0,5,0,32,41,42,56.71,0
9.46,63.28,54.17,1,1,4,3,80,36,38,52.82,1
7.7,56.48,94.12,4,3,2,5,96,84,40,93.41,1
9.04,94.44,90.18,3,3,0,7,77,91,99,64.74,1
9.48,97.78,75.26,0,3,3,0,46,84,30,50.09,1
6.59,93.11,98.36,2,1,5,3,36,65,99,61.19,1
5.55,90.48,70.89,1,2,5,0,42,53,85,67.02,0
6.14,82.76,99.21,0,2,2,0,95,73,60,99.55,1
7.14,77.54,83.4,1,3,5,4,33,46,66,76.18,1
9.09,54.35,81.73,4,0,3,1,39,31,76,60.24,0
9.3,70.42,58.3,2,2,0,7,46,42,76,66.74,1
5.03,68.63,94.1,5,1,2,5,81,60,98,66.52,0
7.55,62.99,71.37,2,2,5,7,35,57,87,50.99,1
7.09,86.17,58.11,4,3,5,1,98,89,65,56.76,1
6.11,74.79,50.63,2,0,3,2,38,56,61,84.76,0
5.6,54.05,77.99,5,2,4,4,50,44,93,56.01,0
6.69,61.01,76.37,3,2,4,4,53,62,100,61.54,0
9.71,84.16,85.97,1,3,5,1,33,49,71,67.54,1
6.62,53.81,94.51,5,0,0,6,53,71,77,87.89,0
7.59,92.56,53.97,0,0,2,4,88,41,59,79.12,1
8.52,74.76,86.57,4,3,5,7,32,52,50,84.45,1
6.82,74.03,59.37,3,1,1,1,97,43,89,78.35,0
9.86,79.62,92.91,0,2,2,4,69,54,42,84.18,1
9.81,91.23,90.95,0,1,4,0,77,60,30,50.14,1
6.26,67.39,77.04,4,2,5,1,83,83,94,96.54,0
7.49,83.9,85.51,3,2,3,1,64,34,62,55.55,0
6.5,78.29,65.72,0,1,1,7,85,42,67,70.31,1
6.42,63.35,73.56,0,3,5,3,69,57,54,88.55,1
5.18,93.93,91.08,3,3,0,4,97,72,55,71.76,0
8.05,89.87,72.96,2,2,1,4,75,76,88,97.34,1
7.51,82.92,67.89,0,3,5,1,42,100,62,73.38,1
5.26,92.53,74.71,1,2,0,0,56,67,70,93.75,0
6.39,93.36,91.41,3,3,1,0,35,96,59,90.54,0
9.54,85.42,66.76,0,2,0,5,46,91,86,99.05,1
6.2,91.85,58.69,4,3,0,0,65,68,78,96.33,0
5.72,84.87,85.6,5,0,1,4,31,66,77,94.91,0
7.45,84.01,91.3,1,1,1,6,81,37,78,86.58,1
9.93,80.93,55.03,5,0,0,3,95,81,76,68.35,0
6.21,87.64,61.99,5,1,4,1,81,62,85,55.31,0
8.36,57.93,57.1,0,1,1,2,72,71,94,84.43,1
8.81,94.04,67.4,1,2,5,3,51,56,41,98.93,1
6.19,93.59,72.52,1,1,2,7,84,37,98,86.33,1
8.64,51.46,87.44,2,0,3,7,96,52,35,96.44,1
6.84,91.29,82.56,5,0,0,6,89,93,94,90.22,0
8.16,56.44,81.05,1,3,0,2,87,49,54,58.16,1
8.17,66.76,67.62,2,0,3,3,41,45,30,62.46,0
7.68,87.18,92.07,3,3,4,0,98,46,61,67.09,1
5.45,58.04,73.56,2,1,3,4,68,48,32,58.41,0
9.18,90.9,98.96,4,0,1,6,42,37,78,79.08,0
6.6,91.61,81.71,0,1,3,2,70,67,48,98.77,1
5.93,75.37,56.31,3,0,0,6,86,67,89,88.07,0
5.2,50.32,83.81,3,0,3,3,82,82,58,71.17,0
7.95,64.35,66.26,4,3,2,4,41,60,79,50.23,0
8.39,80.85,84.32,2,1,5,6,42,73,31,65.66,1
5.08,99.06,53.48,0,0,1,2,86,89,85,76.34,0
7.56,81.59,58.74,2,2,3,1,69,46,46,66.21,1
6.13,62.99,92.79,1,1,0,3,74,68,89,55.55,0
8.23,81.7,61.36,2,1,5,1,64,71,65,72.14,1
5.87,77.0,91.85,3,1,1,0,32,77,90,62.66,0
8.45,88.99,63.96,0,3,0,1,34,41,46,95.46,1
6.93,55.35,82.14,2,2,4,1,40,47,78,55.09,0
9.68,88.05,84.71,0,1,2,5,100,35,89,52.46,1
5.69,77.06,75.63,0,0,4,3,85,72,49,50.27,1
6.71,98.15,65.27,1,0,2,0,39,64,79,66.4,0
5.57,67.09,60.63,1,3,3,1,63,83,32,83.02,0
9.62,81.63,51.66,3,0,1,7,96,91,72,86.52,1
9.39,96.6,65.2,4,1,3,4,60,98,86,72.66,1
6.29,55.13,82.66,0,0,2,2,100,45,79,84.22,1
8.3,96.86,96.92,4,1,2,1,95,37,97,68.0,0
9.09,84.39,93.56,3,0,2,0,99,60,79,83.39,1
7.78,53.39,88.3,0,2,5,1,70,39,66,52.03,1
7.65,65.05,89.42,0,3,0,2,92,85,75,69.54,1
6.21,85.41,83.25,5,3,1,0,61,99,71,89.54,0
5.47,53.37,63.01,4,2,3,3,49,49,44,90.15,0
9.49,79.11,95.36,2,2,3,0,86,34,62,85.81,1
9.5,67.29,83.54,1,3,4,3,79,52,40,60.21,1
8.17,81.05,78.02,2,2,2,0,54,38,49,62.36,1
6.7,52.29,55.55,4,1,2,7,41,87,53,99.8,0
6.75,93.58,72.35,1,0,2,6,100,88,93,55.17,1
8.63,98.67,73.02,2,3,3,2,68,83,94,59.03,1
9.49,98.44,93.23,5,2,4,2,46,75,46,56.5,1
9.44,87.48,77.33,1,1,0,0,74,51,90,66.38,1
8.9,56.5,69.02,0,3,5,6,40,93,44,60.51,1
8.21,87.91,98.84,2,2,1,1,99,37,80,74.88,1
5.42,51.23,55.54,1,3,0,2,52,49,56,73.8,0
5.81,51.11,71.13,5,2,3,7,99,80,90,95.08,0
9.49,66.18,52.1,1,3,5,3,67,68,87,51.74,1
8.03,74.43,87.0,1,1,5,3,31,66,60,65.99,1
5.05,88.52,95.9,5,1,5,4,66,79,41,79.83,0
5.51,84.16,64.0,2,0,2,5,78,63,75,80.24,0
8.32,72.3,92.92,3,3,1,6,81,62,60,74.01,1
5.03,63.68,64.61,2,0,3,5,62,60,61,90.78,0
5.8,99.86,95.54,4,3,3,5,51,83,61,53.14,0
7.74,71.31,87.7,5,2,5,3,34,73,82,90.77,0
8.46,72.57,90.25,2,2,3,7,47,63,90,74.74,1
8.26,58.18,50.9,1,0,1,7,67,100,75,56.69,1
6.12,89.74,98.14,5,3,1,4,66,91,36,94.29,0
8.56,84.68,86.33,0,0,4,5,93,52,33,82.46,1
6.19,61.04,65.24,2,1,4,5,39,75,81,58.18,0
6.63,54.12,91.47,5,0,0,0,71,85,60,51.68,0
8.73,84.02,64.08,2,0,1,0,77,36,65,57.06,0
8.25,82.73,93.64,5,2,1,0,73,90,83,80.44,0
9.25,63.66,55.63,1,0,1,1,45,32,83,58.96,1
8.29,97.54,85.18,0,3,4,5,83,67,46,61.29,1
7.84,57.55,77.03,0,2,5,7,64,63,59,51.26,1
5.47,71.62,54.83,4,0,5,7,57,73,51,86.15,0
6.84,97.18,62.09,5,1,3,1,31,59,72,90.52,0
6.33,70.99,50.62,2,0,5,7,42,46,56,89.84,0
6.22,81.93,73.44,0,0,2,4,70,88,66,56.38,1
9.87,69.88,65.06,0,0,4,6,88,39,75,95.17,1
6.97,63.71,79.92,3,2,1,3,98,47,64,83.61,0
9.46,99.2,64.86,3,3,5,5,82,74,33,94.88,1
8.16,70.47,65.0,0,1,4,7,74,88,55,72.36,1
8.97,94.7,87.16,5,0,5,3,49,91,48,71.85,0
7.51,61.5,52.41,4,3,0,7,53,88,74,89.23,0
7.88,60.66,95.14,0,3,1,6,90,78,55,54.66,1
7.46,51.56,92.61,1,2,0,0,87,92,51,76.04,1
5.98,82.58,83.39,2,1,1,5,56,61,87,91.82,0
8.61,68.43,79.66,4,2,4,2,55,39,92,91.51,1
6.4,93.22,94.62,1,3,3,1,36,40,57,97.81,1
5.12,73.66,59.27,4,3,5,1,71,99,94,84.91,0
8.23,98.41,53.95,1,3,5,5,76,91,73,60.39,1
5.89,59.28,61.98,2,2,2,6,82,76,72,51.01,0
9.7,93.43,89.73,2,1,0,0,88,63,66,73.97,1
9.77,88.83,51.73,3,0,5,1,67,46,95,75.69,1
9.57,88.55,79.14,5,2,4,0,98,83,46,62.01,1
6.85,92.24,99.77,1,3,3,4,82,69,69,56.23,1
5.08,88.05,92.78,3,2,4,3,44,48,67,79.31,0
9.64,81.31,76.07,1,3,0,6,55,96,90,88.21,1
7.14,56.56,53.18,3,0,2,2,77,82,38,99.66,0
9.83,51.63,91.57,2,0,5,3,48,93,90,87.92,1
9.82,96.04,79.95,4,1,4,3,38,76,45,89.68,1
9.27,80.83,55.75,3,3,1,4,93,35,31,80.82,1
6.47,89.83,54.69,1,1,3,1,83,45,72,99.3,0
6.93,74.08,95.48,1,1,4,2,80,47,71,82.0,1
9.26,55.87,83.46,5,0,3,1,68,81,86,93.01,0
6.58,56.26,91.46,2,2,5,5,33,77,96,97.29,1
5.85,84.28,93.95,1,2,1,3,32,72,59,96.49,0
7.78,71.52,78.59,0,1,2,5,93,68,42,69.07,1
9.68,60.03,75.87,4,0,2,0,58,78,48,53.93,0
8.48,74.58,71.52,3,3,1,3,40,41,36,58.59,0
7.85,53.21,65.85,5,2,3,1,87,39,38,52.96,0
5.49,79.1,71.73,4,1,5,3,56,100,83,55.27,0
8.08,63.45,88.69,2,2,4,0,50,84,90,59.23,1
9.95,89.88,80.1,5,2,1,4,68,30,31,67.05,0
5.7,65.52,94.63,3,3,0,5,75,78,79,77.18,0
7.59,72.76,72.17,3,0,3,7,95,65,60,85.58,1
9.39,50.58,80.35,0,3,2,5,65,50,62,60.55,1
8.7,53.62,81.57,2,0,1,1,94,66,40,83.63,1
8.49,69.62,79.58,5,2,2,3,92,53,62,85.21,0
8.51,74.0,85.13,5,1,3,1,64,84,36,77.93,0
6.8,80.0,61.87,1,3,2,4,60,54,60,95.18,1
6.47,64.58,75.62,0,0,1,3,57,36,77,55.55,0
9.05,84.75,55.21,0,2,3,7,30,100,76,58.86,1
9.05,93.01,69.23,5,0,0,3,54,100,82,71.43,0
9.34,88.99,74.38,5,0,1,7,72,53,48,56.34,0
9.57,51.98,82.61,4,0,4,1,96,40,35,78.31,0
7.56,74.03,97.53,4,2,5,1,92,41,78,69.92,0
7.51,55.25,80.03,4,1,1,0,80,64,79,64.23,0
8.99,62.1,87.18,0,1,3,6,31,92,41,58.5,1
8.25,99.33,75.31,1,1,5,6,93,97,52,66.77,1
8.51,57.12,81.71,3,0,1,4,98,86,83,80.4,1
8.98,74.94,53.55,4,2,0,6,38,42,98,78.79,0
9.45,80.91,62.72,1,0,0,0,31,52,88,58.18,1
6.69,85.12,68.09,2,1,4,5,63,68,65,56.25,1
6.88,77.98,73.62,4,1,2,7,89,41,32,51.33,0
5.47,50.49,52.28,3,2,5,3,90,63,87,50.62,0
7.89,66.32,57.0,2,0,3,1,60,100,84,93.99,1
5.18,75.89,63.84,2,3,3,3,39,60,86,52.25,0
7.33,54.39,98.58,3,3,2,3,65,91,46,86.56,1
7.71,67.53,66.57,4,1,0,2,78,42,68,93.6,0
6.43,51.66,74.1,0,2,0,5,99,60,97,54.9,1
7.95,53.93,59.8,3,0,1,2,78,31,84,71.82,0
5.15,69.85,80.54,3,0,4,6,32,44,74,98.12,0
5.19,56.64,64.03,3,1,5,3,34,86,30,91.71,0
9.11,78.38,60.35,2,1,4,7,90,63,50,74.49,1
6.8,84.47,75.83,1,0,4,1,55,97,50,88.13,0
5.64,90.03,50.28,0,0,1,7,34,58,81,91.67,0
7.61,60.01,50.38,4,1,4,3,44,95,72,67.4,0
8.85,58.37,60.95,4,0,2,5,45,45,81,94.61,0
6.08,55.23,51.84,1,3,1,7,30,68,96,73.52,1
8.11,81.82,55.4,3,1,2,2,45,66,73,76.39,0
5.43,85.32,66.94,0,0,1,1,66,50,61,99.99,0
5.26,51.58,90.13,4,1,4,3,32,73,39,92.17,0
7.66,96.81,78.6,5,2,2,4,81,48,93,68.09,0
7.7,52.6,75.63,4,1,2,5,76,100,98,50.52,0
8.19,77.06,64.67,3,1,2,5,42,37,97,81.31,0
8.63,85.45,96.59,5,2,1,4,84,95,57,85.2,1
9.88,93.55,69.85,1,3,3,7,50,70,82,82.54,1
7.58,85.7,54.35,0,0,4,3,95,99,80,98.39,1
6.61,90.09,80.85,1,2,2,5,83,90,82,93.15,1
8.98,66.97,55.69,1,1,5,1,56,55,33,72.44,1
6.35,90.74,67.26,0,0,3,3,67,100,46,53.14,1
7.19,54.01,75.37,0,2,5,3,87,99,96,73.8,1
5.39,94.74,93.71,4,0,4,2,91,58,76,84.46,0
5.13,77.38,74.68,4,0,4,5,75,95,85,80.39,0
9.81,90.86,85.11,0,2,2,5,40,48,52,76.91,1
9.18,72.62,99.64,5,0,2,4,37,97,47,73.44,0
8.48,82.18,56.57,2,3,1,2,100,87,30,64.69,1
7.04,76.32,63.74,4,2,3,7,93,99,64,63.87,1
5.87,86.58,69.73,2,3,3,6,50,86,93,75.01,1
5.78,54.08,71.09,5,1,2,7,92,66,87,58.03,0
6.25,53.02,70.55,0,0,4,7,93,90,88,67.03,1
7.75,62.36,95.38,5,1,2,2,49,59,30,66.2,0
8.57,57.98,85.7,4,1,4,5,37,100,32,79.36,1
8.3,93.59,80.4,1,0,4,3,87,54,96,53.33,1
6.4,60.96,65.47,0,2,2,2,75,94,66,91.48,1
9.77,98.79,91.19,3,0,0,4,60,35,58,78.12,1
8.69,66.84,97.75,2,1,3,2,38,47,62,83.54,1
7.77,59.11,91.06,5,1,5,4,44,39,90,85.15,0
8.06,89.48,50.08,0,2,4,7,55,40,33,64.57,1
7.1,82.94,81.82,5,0,4,6,39,94,43,73.52,0
6.24,74.91,52.56,0,1,0,2,58,94,62,97.81,0
6.78,77.77,62.88,4,3,5,4,65,81,51,88.34,0
8.79,85.96,52.98,4,1,1,2,66,96,77,98.48,0
5.07,61.42,80.19,4,1,0,6,100,60,32,87.31,0
5.58,99.82,84.33,5,2,5,7,52,46,52,58.78,0
5.23,98.74,55.72,3,3,0,2,70,84,97,53.23,0
5.2,82.52,69.19,4,1,4,1,57,65,50,78.88,0
9.28,59.98,72.81,0,1,3,4,77,55,72,67.89,1
8.52,84.01,68.45,4,3,0,6,67,82,55,63.77,1
7.37,53.61,56.05,1,0,1,4,60,46,70,90.36,0
5.49,51.53,70.95,4,0,2,4,43,54,67,68.35,0
7.46,62.88,87.56,5,1,5,0,58,31,40,65.85,0
7.37,73.13,53.55,3,1,0,6,80,34,58,92.5,0
5.87,93.41,54.01,1,0,0,2,78,33,89,92.31,0
7.17,86.36,67.74,5,2,1,4,72,65,96,67.82,0
6.99,87.14,97.09,5,3,3,5,34,35,94,91.62,0
8.08,71.27,83.43,5,3,0,0,71,50,90,92.54,0
8.18,67.3,83.93,0,2,0,1,36,55,48,71.2,1
5.23,68.55,68.1,5,2,3,4,71,84,75,53.32,0
6.87,99.38,79.68,0,2,1,7,65,68,78,50.08,1
8.13,52.01,50.51,5,2,5,4,56,62,51,76.16,0
7.52,93.35,81.8,2,2,5,0,87,43,86,67.2,1
9.28,78.93,95.66,1,2,0,2,75,85,43,99.86,1
8.29,71.93,80.63,2,3,3,5,95,50,73,88.62,1
5.81,86.26,93.68,5,2,0,7,54,75,45,88.06,0
5.35,74.33,86.2,1,0,2,1,56,45,41,97.76,0
8.21,93.67,56.03,1,2,5,7,30,45,84,94.39,1
5.13,95.04,95.12,3,2,4,4,71,58,80,65.91,0
7.93,71.09,53.32,2,3,2,2,81,37,68,58.3,1
9.7,63.84,76.7,3,3,0,6,54,32,62,87.29,1
7.88,79.62,57.11,1,2,1,5,83,48,62,68.91,1
6.94,95.62,50.59,0,3,5,6,96,95,58,73.66,1
8.22,60.53,71.1,1,1,4,5,35,51,98,81.52,1
7.29,81.15,64.75,3,3,2,1,87,75,99,95.39,1
7.73,81.58,74.3,2,3,5,3,99,42,60,70.95,1
9.71,86.66,78.86,5,3,3,5,82,62,60,89.17,1
6.93,56.58,52.19,5,3,1,3,95,34,75,63.42,0
9.81,85.79,56.15,2,0,2,6,87,56,81,84.9,1
9.53,95.45,77.93,5,0,3,5,31,53,39,50.08,0
5.98,58.98,67.16,5,0,0,1,51,96,70,93.58,0
5.35,61.88,86.46,3,2,3,0,66,92,32,51.52,0
5.5,98.57,82.61,2,2,2,1,49,77,88,85.64,0
5.09,59.05,92.28,4,1,2,1,53,92,81,52.31,0
5.47,92.72,84.62,0,0,0,0,94,41,63,63.31,0
8.42,74.61,71.5,0,2,3,0,94,57,78,74.86,1
5.36,62.36,83.65,5,3,3,2,30,73,57,71.0,0
6.59,93.54,63.77,0,3,0,5,32,72,42,59.59,1
9.22,72.27,65.32,2,0,3,6,75,46,98,66.69,1
5.12,75.74,89.45,2,1,5,2,84,69,96,86.39,0
9.07,67.96,72.32,1,1,0,0,93,78,90,83.46,1
6.41,79.65,89.92,1,3,1,3,74,86,89,53.59,1
5.59,58.18,91.12,0,1,2,6,55,93,100,87.37,1
8.48,69.55,92.88,4,0,1,3,94,86,53,52.65,0
8.14,98.47,95.83,1,3,5,1,53,99,92,77.15,1
9.39,62.91,71.55,1,2,5,4,64,72,90,63.0,1
8.68,82.84,65.94,2,2,4,1,53,52,52,79.38,1
9.02,66.26,79.11,4,1,4,1,57,56,59,63.07,0
6.41,88.67,68.56,5,3,4,4,45,87,89,99.25,0
5.89,56.54,80.05,0,3,0,5,88,66,47,65.49,1
8.75,98.49,85.28,1,2,3,0,83,35,85,62.1,1
9.03,72.69,84.42,4,3,5,3,45,94,82,63.92,1
9.95,61.8,68.73,4,3,1,1,44,35,36,94.82,1
7.06,53.67,58.34,0,3,1,4,40,79,98,81.81,1
6.86,58.49,71.53,4,1,1,2,94,51,81,86.53,0
8.88,75.99,57.13,4,3,1,1,97,54,33,95.9,1
6.7,66.85,94.5,4,0,4,3,72,80,63,95.59,0
9.65,91.44,67.29,1,1,1,0,98,77,98,86.95,1
9.29,71.54,57.72,0,3,3,1,42,99,62,59.89,1
7.14,62.44,51.27,4,3,4,1,39,94,98,92.17,0
8.75,80.86,82.29,4,0,1,5,70,89,67,60.19,0
8.77,85.34,81.85,1,1,0,7,79,75,55,87.14,1
5.52,58.35,67.03,0,2,2,4,100,65,30,84.28,1
9.51,58.38,53.59,2,2,2,2,88,87,33,87.94,1
7.53,51.83,70.48,1,1,2,2,68,67,68,76.63,1
9.13,86.82,65.56,0,3,4,6,32,40,83,81.94,1
6.6,83.19,83.86,4,3,1,0,36,41,62,97.67,0
9.48,73.73,80.29,0,2,5,6,78,71,62,55.05,1
6.95,92.21,68.23,0,2,5,3,55,68,49,65.44,1
5.05,90.28,60.89,5,2,5,0,62,100,45,80.57,0
9.53,79.27,99.4,0,0,4,1,77,40,50,98.2,1
5.46,93.41,72.7,2,2,3,7,31,65,74,54.78,0
6.6,60.29,84.41,0,0,0,1,100,81,91,51.13,0
9.75,55.6,57.03,2,1,0,2,61,60,60,52.79,1
9.75,63.49,74.28,4,3,2,3,33,62,71,52.62,1
7.87,52.85,51.38,2,2,2,4,49,42,41,95.39,1
8.16,76.56,75.27,4,3,5,3,65,47,94,86.06,1
7.24,96.83,98.2,4,3,5,1,61,70,32,83.86,0
6.47,51.97,69.21,2,2,2,4,57,87,38,76.13,0
6.64,56.11,51.95,1,2,1,3,30,85,80,89.1,0
8.36,72.61,51.55,3,1,3,7,89,53,45,57.78,1
8.76,96.69,69.4,0,0,3,7,85,60,32,69.6,1
8.96,65.81,58.0,5,0,3,3,64,84,53,74.5,0
8.95,75.36,51.17,3,3,3,4,59,39,42,55.52,1
5.46,52.08,87.81,0,2,2,1,83,89,31,70.98,0
7.47,57.42,72.93,0,1,0,3,65,31,100,65.83,1
5.29,99.33,64.46,4,1,2,4,84,44,50,51.78,0
7.75,98.26,95.0,0,1,3,5,87,32,48,56.84,1
7.21,50.25,55.81,5,1,2,7,94,72,76,88.2,0
9.44,97.59,97.8,0,1,3,5,98,60,51,50.9,1
6.75,81.96,65.7,2,0,4,1,80,99,62,96.71,0
5.59,93.4,94.42,3,0,5,4,51,96,61,54.32,0
5.71,72.74,80.15,2,0,0,5,82,85,93,89.96,0
8.81,75.78,91.34,5,2,4,4,65,92,68,94.93,1
8.09,74.44,99.2,0,3,1,3,97,44,71,97.06,1
5.51,83.34,64.42,5,1,2,1,65,39,38,93.37,0
5.42,56.98,98.06,4,2,1,5,81,67,54,64.38,0
8.5,51.5,69.47,2,1,2,6,82,76,31,66.65,1
5.36,65.4,69.28,2,0,5,3,79,86,48,71.33,0
9.11,85.23,67.02,1,2,4,7,70,79,49,56.96,1
8.53,60.09,77.07,0,0,5,6,47,100,99,51.11,1
5.41,83.67,57.71,4,1,3,6,51,44,46,93.46,0
5.42,98.5,77.69,2,1,5,0,95,47,97,77.71,0
9.93,54.7,77.09,2,3,5,0,50,31,32,80.44,1
6.87,83.63,88.1,4,1,3,1,73,72,80,96.35,0
6.85,72.19,91.68,5,0,2,5,76,55,55,83.26,0
9.06,93.41,72.02,5,1,3,5,68,100,85,84.54,1
9.74,58.86,65.12,0,3,4,5,58,67,93,89.35,1
9.93,84.63,62.97,1,3,5,4,83,71,37,55.82,1
8.77,91.91,59.73,2,0,3,3,46,34,66,68.01,1
6.88,97.23,52.88,1,2,5,5,89,40,56,98.41,1
5.42,84.16,67.12,5,1,4,3,60,94,74,96.15,0
8.89,74.86,63.51,5,3,1,1,78,63,33,94.2,0
7.79,80.89,98.32,3,1,4,6,31,30,66,72.6,1
7.12,93.45,77.89,0,1,0,5,77,31,100,92.86,1
9.53,78.53,67.36,3,2,0,1,43,49,62,52.42,1
5.56,51.52,79.02,3,3,0,5,88,90,60,57.43,0
7.46,96.55,56.96,3,1,5,0,87,50,84,70.7,0
5.06,84.48,72.2,0,3,2,2,87,97,41,74.17,1
7.34,83.83,81.31,0,0,2,1,80,41,40,63.18,1
5.28,60.78,74.44,4,0,2,5,31,51,61,67.82,0
5.59,82.94,70.09,1,1,5,7,70,49,86,58.14,1
5.59,69.69,99.69,1,3,4,2,45,30,67,74.46,0
8.25,82.56,94.02,4,1,2,1,33,59,89,89.69,0
8.73,55.33,81.17,4,3,1,7,41,53,48,83.07,1
7.92,82.89,78.47,5,3,0,7,58,43,85,55.39,0
9.81,99.97,81.03,3,2,4,4,36,65,43,74.38,1
6.87,52.41,60.07,4,2,0,7,43,98,62,84.88,0
6.43,98.86,69.76,2,2,2,5,41,53,39,76.49,0
9.34,70.35,51.97,1,1,4,4,34,89,93,69.58,1
6.12,93.54,73.78,4,2,3,0,61,84,93,81.1,0
9.82,89.12,77.15,2,2,1,5,72,53,91,98.43,1
5.06,78.35,61.39,2,0,2,6,98,53,97,54.75,0
9.85,86.92,98.2,2,3,2,7,74,83,72,69.5,1
5.22,93.93,95.47,5,3,1,0,38,55,88,70.33,0
9.46,70.21,86.11,5,2,1,2,78,95,81,78.85,1
7.64,66.35,76.67,2,3,3,1,62,67,48,57.61,1
9.96,83.38,93.5,5,0,2,7,47,94,50,58.83,1
5.37,90.39,56.53,3,0,5,3,38,80,51,64.27,0
7.77,88.11,89.53,2,2,2,0,91,64,38,97.79,1
9.85,89.89,56.24,3,0,0,3,86,72,38,86.71,1
7.62,71.78,89.71,3,3,4,7,58,58,56,83.08,1
8.15,90.89,63.79,2,1,4,3,54,66,46,90.85,1
8.48,56.01,93.85,1,3,0,7,44,87,73,56.38,1
7.27,77.22,97.2,2,1,4,1,35,83,74,92.97,1
8.14,50.29,57.44,2,2,1,2,71,68,37,79.74,1
7.92,66.23,73.13,5,1,4,1,58,71,47,66.77,0
9.51,68.32,99.05,2,0,4,5,33,57,62,90.79,1
5.23,69.81,74.17,1,3,0,0,86,58,30,90.13,0
6.4,84.77,93.18,5,1,3,3,78,72,35,92.29,0
9.75,69.43,79.44,0,3,4,1,73,32,70,55.78,1
9.45,72.43,68.77,0,2,5,7,43,39,84,98.47,1
7.28,61.88,64.29,3,2,4,1,32,88,34,97.98,0
8.1,68.66,60.16,3,0,3,1,91,43,88,67.87,0
6.39,61.36,88.09,1,2,0,0,93,76,47,53.29,0
5.94,53.66,69.33,4,1,3,2,74,71,78,58.35,0
7.32,80.17,75.56,0,2,0,6,87,61,94,99.64,1
6.77,83.41,74.62,3,0,1,1,49,61,83,78.15,0
7.92,80.97,78.86,0,3,0,0,87,71,90,67.83,1
5.39,73.17,93.28,1,3,1,3,86,61,37,64.41,0
9.87,68.99,99.04,1,2,1,7,97,55,32,62.85,1
9.93,93.17,70.38,4,1,0,5,81,30,54,83.21,1
8.49,75.95,91.38,4,0,5,6,66,85,98,70.97,1
7.68,73.96,88.23,5,1,2,4,37,31,84,98.27,0
6.55,51.28,78.68,1,0,0,6,73,59,69,84.19,0
9.07,67.06,97.8,3,2,4,7,34,100,79,89.6,1
8.42,69.01,60.02,0,0,5,6,98,81,62,64.64,1
5.81,69.94,55.46,2,0,5,7,60,38,47,53.96,0
9.55,79.01,92.7,4,2,4,0,74,51,86,74.39,1
9.11,76.68,71.96,2,1,2,4,38,63,45,65.73,1
9.75,80.4,92.35,3,2,5,1,61,78,67,60.1,1
8.63,88.24,94.65,4,0,1,1,62,30,70,97.63,0
8.07,90.65,53.12,2,2,2,6,96,82,36,72.2,1
7.09,85.91,94.17,3,0,4,0,59,69,82,58.74,0
9.66,97.78,72.42,0,2,2,4,58,74,92,59.93,1
9.33,50.91,75.52,3,3,0,1,32,97,61,64.04,1
5.23,59.79,81.33,5,3,2,3,86,38,67,99.97,0
5.13,50.38,96.32,4,2,1,2,59,51,51,63.4,0
6.88,82.37,50.96,1,1,0,2,38,47,45,66.44,0
9.05,94.9,73.84,0,0,3,1,55,72,81,82.97,1
9.94,62.17,84.39,2,3,4,4,31,68,58,64.7,1
5.75,96.35,86.14,4,1,4,5,91,35,45,60.79,0
7.97,53.01,84.63,1,0,2,1,32,77,46,57.93,0
6.9,96.72,56.72,3,3,5,5,75,36,93,65.63,1
9.85,67.58,64.97,1,3,0,5,97,98,42,55.3,1
9.21,55.07,67.94,4,2,3,7,54,45,85,50.93,1
9.19,74.29,90.22,4,0,0,7,80,30,34,90.23,0
7.34,62.84,63.94,5,1,4,4,42,66,41,56.89,0
7.07,64.24,60.54,5,1,0,5,73,66,70,88.8,0
6.37,65.36,97.87,1,1,3,3,64,93,32,89.88,1
5.28,90.15,50.44,3,0,5,4,84,91,62,76.9,0
9.32,76.96,99.89,1,1,2,1,38,90,79,65.48,1
9.06,65.57,83.84,4,1,1,6,31,62,85,57.25,0
10.0,80.52,91.42,4,1,0,3,90,95,38,86.84,1
9.98,85.81,64.73,2,2,1,0,70,59,79,80.07,1
7.78,63.63,50.72,5,2,4,2,73,49,58,82.77,0
8.84,70.68,86.89,2,0,2,1,93,89,68,50.43,1
9.72,56.09,91.71,0,0,2,1,60,53,74,96.38,1
9.25,59.06,87.02,4,1,0,1,76,33,46,53.31,0
6.24,84.06,57.14,2,2,5,3,31,66,85,68.34,0
7.25,59.07,87.67,1,3,2,0,98,33,75,70.14,1
5.65,76.26,88.45,5,3,0,6,87,47,96,50.07,0
9.77,85.45,82.93,5,1,0,4,73,95,98,74.85,1
8.03,55.34,88.31,3,1,1,7,85,77,43,87.64,1
6.14,78.37,92.3,1,2,2,0,72,62,96,91.16,1
8.36,62.83,80.68,3,2,0,3,63,87,52,93.97,1
8.09,98.15,54.43,2,2,1,1,59,57,90,74.39,1
6.79,74.18,74.38,0,0,3,2,100,64,52,81.53,1
5.57,90.3,53.88,1,0,1,1,99,39,56,53.98,0
8.36,77.51,70.38,1,1,1,4,84,94,83,74.4,1
7.6,52.17,70.36,1,0,0,5,96,71,39,57.74,1
8.86,81.66,53.3,3,2,4,2,42,38,45,68.48,1
7.6,97.57,67.44,2,2,4,1,32,89,70,66.47,1
9.26,80.08,55.55,1,0,5,6,55,44,84,71.18,1
7.76,90.96,90.41,1,3,4,2,86,86,90,78.58,1
7.8,94.21,97.38,5,1,1,5,53,98,78,95.14,0
9.38,61.4,53.62,0,3,5,7,82,51,81,69.72,1
7.02,60.6,97.76,5,1,0,0,99,93,31,99.06,0
5.67,80.55,76.13,5,3,2,3,72,70,79,87.95,0
5.14,70.55,64.98,0,0,1,7,89,100,72,75.57,0
8.78,91.99,53.84,2,1,1,1,87,85,37,82.2,1
8.1,95.0,75.03,5,1,5,4,78,52,88,55.11,0
8.52,67.67,89.73,2,1,0,0,71,54,94,92.23,1
6.06,61.84,85.35,5,2,3,7,95,35,41,79.12,0
5.68,89.03,52.51,4,2,1,1,40,63,33,99.3,0
5.07,63.74,53.65,0,3,3,0,47,92,70,81.82,0
6.75,91.13,70.14,5,0,3,7,81,38,36,91.71,0
7.95,71.19,64.76,4,2,4,4,75,89,98,89.99,1
6.96,83.38,61.62,3,1,0,1,73,78,98,67.27,0
7.19,54.78,64.05,4,2,3,5,51,80,59,62.98,0
9.52,81.19,90.17,1,0,0,5,82,89,35,71.52,1
6.74,72.59,96.46,5,2,4,4,88,99,48,73.36,0
7.57,79.33,70.26,4,1,0,2,59,66,95,62.0,0
8.92,58.4,95.31,2,3,1,4,37,60,39,94.73,1
6.98,86.84,66.07,3,1,3,2,86,70,45,77.13,0
8.11,93.14,73.82,5,0,0,1,49,91,66,98.92,0
9.31,60.84,61.3,1,3,2,7,54,87,61,90.5,1
9.75,54.79,82.02,4,2,0,2,48,43,76,77.79,0
5.74,51.18,98.95,3,2,3,1,34,65,72,97.35,0
9.63,82.1,80.17,5,2,4,1,56,65,65,75.24,1
7.46,80.35,67.89,3,3,4,6,69,37,55,94.36,1
6.29,77.33,82.39,1,1,3,3,55,55,39,67.91,0
7.3,61.6,56.15,4,3,1,1,56,65,60,68.93,0
9.9,69.55,94.43,3,3,1,2,91,77,58,70.91,1
7.46,79.72,75.15,3,0,4,3,79,57,34,77.33,0
6.64,74.84,72.47,0,3,4,3,71,97,30,77.67,1
8.17,99.39,79.29,3,2,3,1,58,91,32,74.82,1
6.2,56.82,81.24,0,1,1,4,68,80,96,65.3,1
5.38,84.76,53.59,4,1,4,4,89,71,100,96.36,0
5.64,70.22,84.13,5,1,1,5,70,58,64,79.43,0
5.64,71.41,62.1,5,2,4,3,62,39,44,70.39,0
5.76,85.88,85.7,4,2,0,1,45,68,96,82.56,0
5.69,84.62,91.13,4,2,2,6,52,30,59,88.4,0
8.2,99.56,90.2,2,2,5,4,36,68,72,98.04,1
5.91,56.42,77.63,4,2,0,6,55,50,89,74.98,0
6.73,55.21,76.01,3,3,5,1,41,94,69,55.6,0
9.48,86.22,57.14,5,2,4,1,34,44,94,72.04,0
7.37,78.92,88.77,1,2,2,7,98,33,58,73.95,1
8.34,63.71,63.57,5,2,2,3,78,89,48,94.85,0
5.86,53.97,74.83,0,2,4,7,55,90,32,69.74,1
5.96,54.28,64.21,5,1,4,6,34,49,65,97.67,0
5.2,94.71,56.69,2,2,1,7,51,39,72,74.26,0
5.84,59.59,81.48,4,3,4,5,42,63,44,98.69,0
6.39,66.17,52.72,4,3,3,3,57,77,70,50.41,0
5.89,61.33,87.43,5,3,4,0,62,62,65,94.94,0
5.44,67.75,65.88,1,0,3,7,52,90,62,96.56,0
5.6,53.47,50.01,1,1,4,6,47,39,34,98.05,0
7.3,75.95,75.56,2,2,1,4,59,83,43,50.65,0
6.03,53.38,52.34,0,0,3,4,55,94,97,58.59,1
6.82,90.02,63.81,5,2,0,4,45,30,76,82.69,0
7.52,61.69,85.35,4,0,3,2,68,34,83,51.27,0
8.45,77.0,53.13,5,0,1,1,62,44,33,53.18,0
5.2,94.0,91.97,2,3,5,3,55,57,38,61.05,0
9.0,82.54,50.19,3,3,3,4,77,52,82,75.62,1
8.14,76.65,62.34,3,0,4,0,94,46,89,77.3,0
5.41,66.22,87.05,2,3,4,4,67,42,75,51.71,0
9.37,66.65,65.81,4,0,5,5,31,43,83,58.52,1
9.6,83.47,55.09,2,1,1,1,35,40,66,74.99,1
5.31,99.71,68.01,4,3,2,6,75,57,52,79.7,0
6.38,83.09,63.52,1,3,4,1,79,71,56,57.42,1
9.03,77.89,92.14,2,3,0,7,67,90,99,69.94,1
8.74,86.53,65.67,4,1,1,6,47,93,95,95.22,1
5.92,73.26,89.45,2,0,3,6,56,60,90,99.94,0
6.05,53.01,94.59,2,2,3,7,70,39,80,99.36,1
6.85,78.11,71.69,4,3,0,3,46,37,79,94.08,0
7.42,97.88,95.5,4,0,4,7,91,50,48,69.73,0
8.09,58.77,68.87,0,1,1,2,58,88,30,84.33,1
6.84,84.5,98.2,2,2,0,6,87,79,69,70.83,1
7.31,60.05,54.46,3,3,4,6,99,98,61,82.43,1
8.74,76.79,84.35,2,1,1,7,51,99,51,65.47,1
5.18,54.83,74.69,2,1,3,3,35,59,95,80.31,0
6.26,72.52,69.38,4,2,1,4,55,46,69,76.19,0
8.57,87.81,81.64,2,0,5,5,68,49,67,51.22,1
9.48,67.38,85.19,5,3,2,0,41,77,77,89.54,0
7.56,83.25,50.22,2,3,1,3,43,31,84,50.59,1
7.66,89.77,58.35,5,0,2,2,51,66,84,64.66,0
5.54,96.36,85.65,3,0,1,3,80,30,80,50.3,0
7.24,61.73,83.32,4,0,2,1,52,33,89,68.81,0
7.66,69.97,98.3,2,2,5,4,77,83,37,53.16,1
6.21,57.62,88.05,5,2,3,4,100,54,97,95.68,0
6.35,99.62,97.54,5,3,4,6,79,32,38,70.78,0
6.89,96.35,85.13,5,2,2,4,42,38,31,72.97,0
5.1,77.0,64.9,1,1,5,4,39,63,99,67.49,0
6.61,92.1,55.27,0,3,2,7,84,72,88,81.38,1
6.06,76.05,89.09,3,2,3,4,38,51,48,89.22,0
6.64,81.18,82.21,2,0,2,4,81,99,57,82.41,0
5.6,54.46,52.41,1,1,5,0,31,31,43,87.41,0
9.45,87.76,68.0,2,0,5,2,54,95,53,95.3,1
7.97,56.39,97.84,2,3,0,6,42,61,73,93.18,1
8.4,91.3,75.02,4,0,3,7,80,45,85,83.7,1
8.95,89.1,71.64,4,2,0,4,87,30,80,60.73,1
7.49,85.44,72.88,4,2,3,6,63,77,61,81.89,0
5.43,51.81,60.44,1,3,2,2,64,79,79,75.3,0
7.69,65.16,68.44,2,0,5,7,32,42,70,85.86,1
7.93,63.16,68.49,0,3,0,5,88,44,95,91.65,1
8.73,68.01,52.62,3,0,2,4,99,82,54,87.14,1
7.16,54.38,88.38,4,1,5,6,77,73,90,92.33,1
5.64,96.85,70.83,4,2,3,3,93,37,95,53.19,0
6.42,77.69,91.11,2,3,5,7,48,75,71,51.58,1
6.82,65.28,92.52,2,1,2,7,96,98,94,62.93,1
8.23,69.85,60.6,1,1,0,6,34,48,65,95.03,1
7.85,72.36,82.87,1,3,0,4,96,67,38,91.18,1
6.78,80.03,73.61,4,3,5,1,40,40,65,84.14,0
9.93,75.78,94.01,2,1,2,0,97,72,67,85.04,1
8.03,95.97,60.79,0,0,1,3,98,49,62,86.33,1
6.19,74.85,83.89,3,1,3,3,30,49,71,97.13,0
5.51,99.61,80.39,2,3,3,1,92,50,90,91.61,0
5.76,92.57,64.77,2,1,2,4,58,86,75,81.17,0
6.23,60.43,56.83,5,0,1,7,41,79,90,83.29,0
5.8,96.53,82.58,1,2,0,7,70,55,47,60.69,0
5.93,55.82,86.93,3,2,4,0,31,59,99,82.87,0
6.43,90.87,65.78,4,1,4,3,66,60,44,71.23,0
5.87,69.03,82.24,2,0,2,0,74,71,77,57.65,0
9.48,93.9,69.76,4,2,1,3,77,97,42,90.32,1
5.4,93.4,85.66,2,1,1,4,53,90,72,75.51,0
7.62,90.3,59.96,4,1,3,5,51,90,89,98.87,0
7.05,89.5,94.51,3,0,0,3,40,99,86,64.08,0
9.91,65.23,64.37,1,3,5,5,87,97,100,74.03,1
5.56,54.05,68.39,3,1,1,3,75,46,46,72.4,0
6.99,70.15,52.9,5,3,5,7,58,48,79,56.04,0
9.85,58.68,55.58,0,3,4,2,64,80,61,71.31,1
9.33,84.75,75.79,1,2,5,4,44,99,51,64.38,1
9.09,67.3,63.38,3,3,0,1,89,92,84,58.02,1
6.29,98.78,91.77,5,0,0,5,71,59,86,64.11,0
5.85,82.05,50.73,0,2,5,1,72,54,42,61.66,1
8.34,91.12,68.95,5,2,2,4,78,100,76,86.7,0
9.65,56.63,66.87,2,2,1,6,93,55,91,51.54,1
7.78,93.1,50.97,2,1,2,1,61,85,83,80.87,1
7.86,96.14,56.22,4,1,5,4,93,51,58,88.03,1
6.4,74.35,70.68,1,3,1,7,31,48,51,74.04,1
8.85,80.31,74.64,2,2,3,1,53,60,94,96.58,1
5.94,88.24,70.21,5,2,2,5,95,55,58,85.39,0
6.62,58.74,76.55,1,0,2,2,67,71,77,87.4,0
7.13,75.13,79.76,2,3,5,1,60,70,34,59.85,1
7.54,69.93,50.5,4,0,4,5,55,52,64,88.86,0
6.21,57.32,73.2,3,3,5,3,58,76,100,91.6,1
5.57,68.38,98.17,4,3,2,4,96,42,75,68.06,0
8.05,53.41,75.95,0,1,1,0,54,95,64,60.67,1
6.44,51.29,83.88,2,1,4,6,77,95,74,69.25,1
7.91,56.76,65.59,0,0,5,7,94,45,42,86.98,1
5.77,98.16,88.7,0,3,5,0,82,57,39,70.88,1
7.41,77.48,88.65,5,2,2,7,96,64,95,86.83,0
7.66,98.29,76.06,1,1,2,4,47,70,99,55.68,1
5.26,71.62,98.8,5,2,3,7,38,60,54,90.3,0
6.68,65.59,56.28,2,0,5,2,67,61,73,62.66,0
5.67,75.31,50.85,0,1,2,1,50,83,89,62.45,0
5.32,71.98,88.51,3,1,0,2,94,88,76,79.52,0
9.95,55.28,90.36,0,3,4,0,50,70,69,53.51,1
6.61,82.04,56.01,3,0,0,6,56,95,36,51.31,0
9.05,60.8,63.28,5,3,4,5,99,83,75,63.05,1
6.27,80.98,50.88,5,1,5,6,73,69,52,76.9,0
8.41,82.51,64.67,1,0,3,4,57,57,75,95.38,1
8.8,57.6,88.66,0,1,2,4,74,66,42,92.32,1
7.98,53.07,75.9,4,0,2,2,46,94,50,74.52,0
7.36,89.04,67.4,5,1,2,5,69,84,30,51.85,0
7.06,72.99,68.59,5,2,5,2,32,33,48,76.76,0
6.74,52.91,50.07,1,2,4,1,95,39,89,85.24,1
9.65,99.74,64.99,3,3,2,3,75,76,62,66.96,1
9.15,52.89,82.32,1,2,0,5,59,43,33,55.55,1
9.83,84.75,98.71,0,1,2,3,98,67,32,63.93,1
5.62,99.18,92.35,2,1,5,6,38,41,81,88.58,0
8.65,61.96,51.18,2,2,3,1,40,74,57,67.56,1
9.69,57.11,94.93,3,3,0,7,98,46,99,90.6,1
5.91,56.07,89.16,5,2,2,7,95,64,99,65.98,0
5.33,65.16,89.02,3,0,2,3,60,95,84,58.18,0
8.71,55.05,72.9,5,0,1,0,62,70,86,71.79,0
7.87,84.61,69.9,5,0,4,6,68,96,45,72.61,0
9.21,53.11,65.15,2,2,0,3,75,58,53,50.81,1
5.7,75.47,53.28,3,2,1,1,66,47,98,55.85,0
8.98,99.83,61.41,1,2,3,3,89,49,70,59.25,1
6.01,90.7,62.33,5,0,4,4,60,43,76,55.68,0
5.82,80.76,74.2,4,3,0,2,40,63,98,67.08,0
5.82,65.31,87.37,4,1,2,0,31,78,60,98.23,0
9.07,81.19,73.69,1,2,0,4,56,83,59,75.46,1
8.33,76.35,52.89,4,3,2,4,31,60,47,81.38,0
7.62,71.3,97.89,0,1,4,1,50,87,73,67.82,1
6.79,56.54,97.14,5,1,2,2,87,71,56,66.17,0
9.39,94.33,89.26,1,1,3,2,34,87,55,51.16,1
6.96,72.49,99.57,3,3,5,5,81,59,89,75.02,1
9.08,59.73,77.22,5,3,2,6,74,54,47,74.18,1
7.2,68.39,98.14,1,0,3,0,49,92,85,57.89,1
6.88,70.71,53.78,2,3,5,6,90,48,60,88.22,1
7.31,91.38,68.28,3,3,4,1,67,37,88,74.63,1
6.51,86.68,61.27,2,3,4,0,49,32,31,66.95,0
8.74,88.47,59.79,5,1,0,5,54,96,68,57.35,0
7.51,50.55,57.04,3,2,3,3,31,46,90,77.61,0
6.16,70.81,81.12,4,0,3,4,61,43,92,87.64,0
9.5,74.07,89.07,1,2,1,0,55,38,47,64.1,1
6.92,50.96,78.91,5,2,1,6,99,91,46,60.94,0
7.72,62.99,57.35,0,3,5,4,70,50,68,76.1,1
9.53,88.01,90.56,3,0,5,1,96,66,100,57.77,1
8.12,56.86,81.8,3,2,1,6,30,40,83,83.33,0
5.58,76.77,69.41,5,2,5,3,80,49,64,80.27,0
9.7,60.76,83.71,5,0,2,1,34,64,40,54.35,0
8.14,50.61,63.0,2,3,1,7,42,82,90,51.83,1
6.67,62.06,67.26,4,2,3,3,48,76,73,81.01,0
5.7,98.79,95.87,2,1,2,3,41,81,97,64.71,0
8.97,90.08,64.53,2,2,5,4,77,37,54,54.32,1
8.1,97.98,73.5,4,1,4,1,54,33,77,87.97,0
7.67,74.39,94.51,0,3,0,1,86,56,61,65.7,1
9.47,55.49,85.39,2,2,1,0,64,73,33,72.98,1
8.94,77.4,53.11,2,0,4,6,34,69,67,61.84,1
5.76,72.72,57.37,3,0,5,7,51,76,92,81.37,0
6.56,92.22,50.39,4,2,3,1,86,73,76,65.07,0
6.24,54.9,81.55,1,3,0,0,76,77,30,98.4,0
8.72,74.41,72.38,0,3,4,7,83,81,32,85.15,1
5.17,57.5,56.71,0,0,0,2,32,97,91,56.84,0
7.85,66.23,97.9,4,2,1,2,82,40,93,70.83,0
8.81,86.87,76.48,5,3,5,7,60,33,46,69.27,1
9.38,73.8,62.09,5,0,3,2,98,77,91,76.71,0
6.71,68.79,75.03,3,1,5,5,62,55,64,92.1,0
9.11,69.72,83.98,3,2,0,1,79,68,42,79.17,1
5.55,72.97,53.81,4,1,4,5,45,87,64,53.08,0
9.23,89.25,63.74,3,1,1,6,68,48,72,82.77,1
5.64,94.6,90.35,0,3,1,1,75,87,31,50.41,1
6.99,97.77,72.98,0,3,5,0,76,57,85,89.0,1
8.99,89.35,77.33,1,3,4,5,73,95,80,83.33,1
5.75,65.77,71.64,5,2,4,5,38,39,83,65.44,0
6.15,84.41,52.19,4,1,0,6,79,87,45,64.62,0
8.61,71.88,58.29,2,2,5,5,89,43,47,89.91,1
8.6,62.73,72.28,5,3,5,3,44,44,36,89.17,0
8.21,92.04,60.46,2,1,2,0,65,62,74,67.62,1
8.47,51.92,52.5,1,2,5,2,92,46,65,64.95,1
7.71,95.09,92.18,1,2,1,0,98,53,70,77.99,1
6.26,73.07,99.06,3,0,0,3,70,59,71,50.42,0
6.73,81.86,89.66,1,2,4,6,53,91,36,54.13,1
5.91,82.97,92.69,1,3,5,6,78,42,44,56.31,1
9.54,94.76,62.1,2,2,0,1,47,91,89,59.27,1
7.92,81.83,98.03,3,1,5,0,36,76,69,75.6,0
7.0,80.7,59.85,1,2,4,7,33,45,66,99.61,1
7.31,53.33,97.57,5,0,3,7,98,95,95,82.63,0
9.74,75.92,99.74,1,1,4,6,89,72,84,53.06,1
5.77,57.51,85.59,3,1,4,5,84,37,85,76.28,0
7.93,86.87,99.06,4,0,4,6,45,32,73,74.83,0
7.53,75.61,78.48,3,3,5,6,58,41,86,57.21,1
8.06,84.01,62.98,2,1,2,6,52,45,35,96.01,1
5.09,52.08,71.85,4,3,4,6,43,88,61,72.04,0
9.36,54.24,79.68,5,1,1,7,78,78,47,99.73,1
9.66,85.82,53.65,0,1,1,7,62,92,97,71.0,1
7.83,53.6,81.12,3,3,0,2,54,91,36,80.4,0
8.48,53.56,99.06,2,1,2,2,50,78,37,55.24,1
9.61,50.61,59.51,5,3,0,1,46,80,93,72.71,0
8.54,97.83,89.63,4,0,1,6,52,62,36,61.94,0
5.76,86.88,95.39,5,3,1,7,86,59,70,91.78,0
7.88,67.66,97.19,3,0,3,0,87,88,69,89.2,0
8.03,64.83,98.01,1,1,4,3,43,44,32,91.21,1
7.12,67.49,76.07,3,3,1,1,49,52,46,86.18,0
8.68,88.73,98.87,0,1,5,7,59,74,95,91.63,1
9.67,83.07,87.87,3,3,5,0,48,91,81,60.04,1
9.63,59.26,58.08,4,0,0,6,82,100,51,72.6,1
7.25,58.71,73.85,4,0,0,4,85,44,33,84.59,0
5.57,54.92,85.92,3,3,4,6,52,75,35,81.87,0
9.92,83.02,62.37,4,0,4,2,91,93,67,85.82,1
9.19,88.22,82.03,1,1,3,3,62,75,55,61.21,1
5.62,63.25,83.33,5,1,2,7,47,85,40,54.92,0
9.6,51.05,58.13,3,2,0,7,62,73,46,95.84,1
9.35,54.11,78.25,1,0,4,5,61,58,60,78.01,1
7.59,98.39,88.58,5,1,0,3,90,91,64,57.69,0
7.96,64.77,74.94,5,3,4,5,83,81,45,89.67,1
7.0,88.46,50.61,1,0,1,3,46,83,47,95.75,0
5.27,81.23,50.45,2,1,0,2,48,86,91,58.48,0
6.68,69.1,67.85,3,0,1,5,99,95,56,90.87,0
9.01,60.28,96.31,5,3,0,0,63,51,64,96.66,0
5.02,56.07,61.43,5,1,2,5,54,49,74,96.92,0
6.67,80.75,81.72,4,2,3,1,97,62,64,95.71,0
6.99,88.73,61.1,5,2,5,0,40,54,57,77.32,0
7.69,82.2,66.08,1,0,5,1,45,75,38,67.81,1
9.6,76.52,92.4,5,3,5,6,90,86,44,50.36,1
6.73,52.1,86.44,2,1,1,3,36,34,50,53.05,0
6.73,98.42,54.77,3,3,4,0,45,84,81,71.44,0
8.69,89.94,71.44,3,1,5,3,45,90,64,69.97,1
7.26,64.64,51.46,5,0,2,6,69,37,80,59.24,0
6.12,99.0,74.04,0,1,5,4,41,45,84,69.77,1
7.26,80.09,83.12,0,3,0,7,64,77,73,58.73,1
5.7,79.12,55.93,1,3,1,3,50,90,94,92.44,0
5.88,87.4,64.44,0,0,0,6,79,44,54,64.91,0
7.49,90.59,69.89,1,3,0,3,72,94,76,79.93,1
7.09,82.82,95.98,4,1,0,6,46,51,85,75.14,0
9.57,56.4,99.66,1,0,3,1,61,32,67,52.59,1
6.81,66.91,52.25,0,1,3,6,70,83,40,97.11,1
7.9,96.4,88.05,5,3,4,5,35,43,96,76.36,1
8.16,61.23,68.59,4,0,1,4,56,65,44,66.25,0
5.07,68.61,69.62,0,1,2,3,49,96,30,57.91,0
8.32,71.6,87.71,1,3,2,6,54,39,36,66.93,1
5.89,71.97,95.92,2,3,2,6,95,78,30,51.03,1
9.81,80.65,97.55,3,2,0,3,38,94,78,68.18,1
5.74,97.15,78.86,0,3,3,7,82,86,58,76.57,1
7.07,62.03,67.86,1,1,1,4,90,56,55,93.59,1
5.43,56.08,89.38,4,0,0,4,67,34,74,84.37,0
9.98,59.87,62.55,0,2,3,6,32,100,100,55.58,1
7.51,94.35,78.2,0,3,3,0,99,86,41,57.39,1
7.98,82.29,67.93,3,3,5,1,84,44,61,71.41,1
5.34,64.3,82.83,1,3,5,4,30,59,49,59.79,0
8.75,90.8,62.02,2,1,1,4,99,49,80,51.39,1
6.05,93.07,59.58,4,2,1,2,74,66,65,90.25,0
9.49,92.33,95.91,1,1,1,5,76,32,96,50.98,1
6.03,95.95,55.09,4,2,0,4,55,70,30,91.53,0
5.95,62.61,75.3,0,0,4,1,43,68,56,57.21,0
5.18,87.75,61.04,3,1,1,5,83,55,69,98.73,0
7.36,73.03,51.95,3,1,5,5,100,31,43,80.19,1
7.82,92.1,51.8,5,0,4,3,75,52,98,86.75,0
5.33,86.42,58.76,2,2,0,3,60,52,35,55.52,0
8.88,88.82,93.34,3,3,4,3,88,45,62,93.11,1
7.27,82.81,64.12,0,0,2,3,58,38,84,91.96,1
7.62,58.87,97.52,2,3,4,2,46,42,48,82.65,1
7.2,77.25,79.08,1,3,1,4,43,57,58,75.11,1
7.0,99.23,71.83,3,0,0,3,65,56,90,86.07,0
7.8,96.87,79.0,2,2,1,6,87,80,99,50.3,1
5.78,52.16,75.83,0,3,5,0,53,93,53,79.62,1
5.91,58.24,87.94,5,0,2,3,92,81,52,92.37,0
9.31,56.59,64.12,4,1,5,4,54,67,39,67.84,1
9.73,86.3,67.65,4,1,1,3,88,94,83,55.41,1
6.87,90.89,94.7,0,1,1,2,61,47,70,71.04,1
6.35,60.68,97.32,0,0,1,1,47,92,78,86.36,0
8.22,75.29,94.63,4,1,3,1,66,80,46,55.37,0
7.04,92.04,70.97,5,3,2,4,55,38,85,60.3,0
5.13,86.64,89.02,2,1,1,6,38,42,74,57.38,0
5.78,77.11,73.82,4,1,1,1,93,69,59,89.85,0
8.58,79.52,74.88,0,3,5,7,49,84,73,53.14,1
8.29,75.42,60.23,3,1,5,1,83,72,84,84.33,1
5.14,64.88,79.56,1,3,1,0,59,73,48,68.32,0
6.11,78.25,59.31,5,1,0,4,82,97,58,87.79,0
6.16,84.44,66.58,5,3,3,6,92,62,31,98.22,0
8.36,93.67,92.75,3,1,5,4,40,53,65,55.73,1
5.1,81.81,60.35,3,3,0,1,60,65,48,65.72,0
5.52,88.06,53.56,0,0,3,1,78,39,36,90.51,0
9.0,58.0,53.45,4,3,1,1,48,49,55,63.31,0
5.89,73.08,97.04,2,1,2,5,41,41,67,60.76,0
8.26,50.47,75.35,5,1,4,2,44,91,32,91.27,0
6.19,62.33,70.47,5,2,4,3,60,47,95,99.35,0
5.5,86.32,90.54,3,3,1,7,72,92,100,77.84,0
6.22,99.59,91.79,4,0,5,2,66,54,72,63.9,0
8.61,54.96,66.61,5,3,0,4,58,41,91,69.93,0
9.28,70.07,84.68,2,3,2,7,55,50,100,58.51,1
9.15,90.0,88.56,3,0,3,0,31,54,53,88.09,0
6.99,60.2,82.73,2,3,1,3,44,40,68,88.67,0
8.34,77.75,57.58,4,0,2,0,33,93,97,93.76,0
6.02,86.65,93.79,5,0,2,6,79,79,73,51.33,0
6.47,80.8,76.95,1,3,5,5,67,91,34,78.1,1
9.48,59.4,64.12,5,3,3,4,52,78,84,60.71,1
5.07,67.77,71.26,4,1,2,5,88,43,59,67.04,0
5.43,89.19,51.88,5,1,5,4,57,30,58,89.25,0
6.04,77.71,56.39,5,2,0,0,95,54,55,59.6,0
5.13,50.26,88.28,0,2,5,0,37,88,55,81.92,0
5.91,88.05,50.0,5,3,0,0,58,98,66,82.73,0
7.92,51.77,70.83,5,0,0,4,40,34,82,97.7,0
7.11,87.29,76.13,2,2,2,1,47,48,59,88.76,0
9.46,60.12,52.73,1,3,5,0,84,52,32,90.18,1
9.09,97.9,98.65,2,2,0,5,79,38,72,76.58,1
6.71,68.4,61.31,2,0,3,6,43,79,36,59.34,0
6.3,66.35,65.21,3,3,2,3,38,45,78,71.28,0
6.9,57.44,65.2,0,0,5,4,40,62,70,77.47,1
7.95,65.28,61.52,2,3,5,7,92,31,83,83.92,1
6.34,93.83,50.07,4,2,4,5,96,43,98,80.39,0
8.12,99.82,86.47,4,1,5,2,82,30,56,69.7,0
7.05,68.42,98.34,5,2,2,6,68,87,37,63.27,0
7.76,72.43,61.21,3,2,3,2,85,45,61,58.41,0
7.18,86.1,83.15,0,1,5,3,57,76,93,84.69,1
6.47,94.31,87.09,0,1,4,1,68,73,39,82.27,1
9.74,79.65,92.42,5,3,2,0,54,43,42,84.37,0
8.82,69.58,71.13,4,3,0,4,50,53,92,68.63,1
5.7,70.63,65.15,1,0,1,5,39,84,64,63.12,0
9.34,84.78,66.26,3,0,1,7,72,44,90,87.99,1
7.44,50.16,85.63,5,2,0,0,44,63,83,88.68,0
9.47,80.98,90.84,3,1,5,5,77,31,37,72.78,1
9.0,67.77,59.08,4,0,1,4,50,56,58,80.6,0
7.13,89.71,68.55,4,2,1,2,89,52,70,68.68,0
5.11,54.65,95.1,1,1,0,0,79,97,59,85.1,0
6.34,79.41,90.33,1,3,5,3,52,43,50,91.79,1
7.71,74.05,99.24,0,2,5,1,42,92,40,84.41,1
8.17,82.12,87.71,3,3,0,3,98,94,31,75.63,1
6.29,53.24,69.66,3,0,5,1,33,97,79,72.93,0
5.7,79.0,79.53,4,0,5,6,38,92,70,82.12,0
9.17,78.07,83.05,0,1,2,5,64,93,95,83.99,1
9.92,78.03,53.92,5,2,2,0,50,61,32,77.94,0
7.63,80.17,77.22,3,3,0,0,87,42,80,81.25,0
5.86,83.82,85.47,0,1,3,6,47,95,97,54.83,1
6.36,90.25,58.37,0,0,1,1,72,48,54,97.59,0
5.09,63.49,89.03,4,0,2,2,35,53,59,89.54,0
9.57,91.25,79.19,0,2,1,4,96,40,40,68.7,1
5.59,74.91,97.61,1,3,4,3,41,88,46,78.14,1
7.88,53.85,52.12,1,2,0,6,41,44,55,52.37,1
6.37,52.93,63.27,2,3,3,7,95,39,52,52.06,1
7.77,66.71,80.08,4,3,4,7,31,70,85,62.54,1
8.26,89.24,64.83,5,2,4,5,44,56,81,84.49,0
9.15,85.38,85.72,2,1,5,6,52,89,77,92.61,1
6.03,89.43,87.95,1,2,4,3,58,81,49,77.96,1
5.05,75.86,55.13,2,2,0,3,36,57,31,76.61,0
5.68,72.01,75.69,4,0,2,5,57,94,60,70.12,0
9.5,57.37,75.44,4,0,0,5,43,46,56,58.08,0
9.37,66.41,68.46,0,2,2,0,73,73,31,55.92,1
7.99,71.7,96.65,3,2,4,3,59,39,33,88.03,1
8.0,54.43,91.38,0,0,4,4,61,92,42,96.38,1
8.33,61.03,84.86,4,3,3,7,99,76,64,72.91,1
5.88,79.91,85.72,1,2,2,4,35,67,95,82.97,0
9.57,86.78,73.09,5,1,4,1,56,99,35,95.72,0
7.09,99.92,96.05,1,1,5,6,53,82,60,54.51,1
6.92,96.66,84.73,0,1,1,5,63,73,39,88.52,1
7.59,82.13,86.45,5,2,3,0,69,83,50,80.84,0
5.23,71.06,93.08,4,3,0,4,76,49,52,79.93,0
5.83,81.81,63.7,1,3,3,2,53,60,32,64.63,0
8.69,89.28,90.35,4,0,1,7,94,36,61,84.19,1
5.41,55.92,59.76,5,2,2,0,47,87,49,89.74,0
8.02,70.5,67.27,5,3,0,0,73,39,58,55.64,0
6.23,91.99,66.78,1,2,0,4,86,39,81,76.68,0
6.95,69.19,98.93,4,0,2,2,57,68,75,55.06,0
6.44,78.59,92.83,2,0,3,1,100,57,63,93.63,0
6.78,79.39,85.06,4,0,4,4,52,59,90,75.38,0
8.6,59.22,86.35,5,1,3,2,63,66,100,90.4,0
6.49,68.11,78.1,4,2,1,0,40,96,99,68.4,0
7.83,66.73,97.35,0,0,5,7,64,72,40,56.25,1
7.38,51.31,74.81,2,2,4,2,71,81,92,52.07,1
8.32,51.21,69.03,3,1,3,0,57,85,50,64.08,0
9.68,91.58,58.15,0,1,5,6,53,97,32,62.21,1
8.66,63.65,89.31,3,0,5,4,37,38,39,78.02,1
6.07,75.9,86.72,1,0,2,5,82,52,56,51.09,0
5.16,64.94,69.22,3,3,1,4,33,92,41,76.03,0
6.31,97.03,51.26,4,2,1,6,34,90,36,69.59,0
7.98,62.96,91.95,3,0,1,3,78,69,46,78.86,0
5.26,71.48,50.57,5,3,4,3,59,73,94,85.12,0
7.48,93.64,85.18,0,2,0,3,92,53,93,81.7,1
7.98,92.1,98.51,0,0,4,4,76,80,55,99.23,1
6.67,59.31,71.88,3,3,3,1,55,87,44,56.91,0
8.85,90.13,61.75,0,3,5,4,86,62,62,71.49,1
5.53,72.91,85.24,5,2,5,7,66,45,91,71.24,0
5.38,74.15,90.86,0,3,0,6,36,51,76,70.85,1
8.64,56.67,77.32,3,2,3,7,69,86,64,83.19,1
7.48,54.03,98.35,2,2,0,6,68,91,94,74.49,1
8.44,86.4,52.58,2,2,5,5,91,100,54,75.87,1
7.17,74.82,75.24,1,1,4,2,82,99,86,71.62,1
6.23,71.84,85.92,0,3,1,4,33,59,61,99.58,1
9.1,86.48,93.13,3,2,5,4,54,52,92,96.38,1
9.0,88.28,58.96,0,0,2,0,36,61,41,65.39,1
8.47,57.95,90.0,4,1,1,6,57,86,92,55.58,0
6.36,80.51,77.64,5,1,5,0,98,38,30,91.99,0
7.95,56.77,69.83,0,3,4,0,96,60,80,99.86,1
6.8,87.57,56.59,0,2,0,4,49,100,99,64.63,1
5.46,82.85,93.26,2,3,1,1,40,38,37,67.89,0
9.59,97.83,57.86,5,1,4,2,96,42,97,97.08,1
5.68,53.45,65.49,3,2,3,2,36,87,34,85.56,0
9.75,52.85,64.5,0,0,2,7,52,32,68,64.78,1
7.23,64.11,93.57,2,2,1,6,90,64,52,79.05,1
